28b673d351853dd5818293b48b3d3708afba8369,The tiny brain trainer that helps get you moving after a stroke: breakthrough could give new hope to patients like Mikey,health
1ff26ca9afb3d80a6c77ac7f67e9f914fbb0dad4,Wag Nav: phone app tracks your pet's every move-using hi-tech recorder attached to collar,sciencetech
06f9ebfdc4d64d0cfeb157d01f82d725d43dbf5f,"Mother-of-three, 35, holds newborn baby for just 20 minutes before dying after routine surgery to remove her placenta",health
e6f3c65d489214d5c8cd4d37bd16121313df629a,Lizzy Yarnold set for skeleton world Cup return as Brit continues title defence,othersports
ad060c105d3c2e65df5294c9ed1b946d0e00a121,Write before your eyes! amazing 3d printing pen 'draws' plastic objects in thin air,sciencetech
0dd963ad9e89e20915c6a8bfe7228c1471cf17aa,Not another one! best friends open Britain's second cereal Cafe in Leeds ( and bowls are nearly half the price of London's ),food
1f066239dc1c4b846475908e8c2b2d3aeb3d5f6a,"Who are you calling a grumpy woman hater? he's written of as a sour, racist old swine. but Philip Larkin was really a secret sweetie",books
a2b9ad20b8c937b366cc0346c3d3f88bc7321979,Facebook completes its $ 22 billion acquisition of Whatsapp after European regulators give the green light,sciencetech
e0d1016709655ccb85c2a5dc2f0068f906af2861,"Back to Brunei: a return to the nation at the top of Borneo, where the scenery is glorious-and the Sultan will have you round for tea",travel
b97e21ad5c1e658eae384cf38a779bf83c0a4ac6,Six hundred students put at risk of Hiv by healthcare worker who failed to change part of the syringe during blood tests and vaccinations,health
0a4058404d17dfdbad5ba3f0ab8445a39bea47dc,Just a spoonful of water helps the medicine go down: scientists discover the best way to swallow tablets,health
79e40e0b4ff7a9c9ca4ae90d66592fe638325d56,Life is better with her! Michael Franti proposes to longtime love with touching engagement video featuring intimate moments from their everyday lives,femail
6e1129fbf74e8beebe21c58ad7bc2d3b41b97743,How Anne Boleyn wooed Henry Viii with her maids of honour custard tarts... and the London Tea House still using the recipe that's remained a secret for 500 years,food
cabbcad8490e9bb9d58223d3b14b308cee4b9833,"'The Amazons smoked weed, had tattoos and fought like men': historian uncovers the truth behind the legend of the ancient female warriors",femail
789710400d16da392bb9f00d5283da9d741b718e,Take a guided tour of Britain's highways in the sky: stunning visualisation reveals a spider's web of flight traffic,sciencetech
00e720612293861058c63c547c07e0c39e2ab769,Get your ( ice ) skates on! how to have a brilliant time in snowy St. Moritz when you don't want to ski,travel
1c2a228fe22e57815a490baad5da77778835da45,"London Bridge is falling down: van crashes into 30,000 Ton Arizona Bridge that was bought from Uk for $ 2million and reassembled brick by brick",news
99bc0fe8ecca0a49afe352e205bca2d6de261686,Former Manchester United Chief David Gill reveals plan to stand for Britain's Fifa vice-presidency next year,football
bbef2de414fcf0b621f603a59ccd562eb5f60844,'I have a constant burning sensation down through my leg and foot': the amputees in agony from limbs no longer there,health
de67aabf9e30295bb7b61bfcaf7842ef8950f2bd,"Optical Express to pay £ 500,000 damages after failing to properly inform woman of laser-eye surgery risks before operation left her with damaged eyesight-then spying on her to try and prove she was lying",news
f4475e4037e0ec9bee89e954fed1a756592276b8,'We wanted to see the snow': tourist is rescued after climbing one of Scotland's highest mountains wearing flip-flops,travel
c0cbc82f9e94b8e5101350acb5674ac5e04a8a3d,Mr and Mrs Jones? Prince William and Kate Middleton used common British surname for flight home from Australia ( but gave the game away by checking in 90 bags ),travel
8b0e5d41fc4b60ec3493023e3235097100c35b5a,The beautiful game just got prettier: Fifa 14 review ( Xbox 360 / Ps3 ),sciencetech
d7cfa2b773e5544c2e485c69e48224f0594bbbd2,"An inspector calls: high prices, small rooms and an uncomfortable moment with a stray piece of rubber-at the Mondrian, London",travel
b23ba4ff78d1dbeb3ec621e400f03c8efe9d221c,"Southampton vs Newcastle: Team News, kick-off time, probable line-ups, odds and stats for Premier League clash",football
6465482c50ada2d1874259bb35a19a18ceff0420,Scots Find Miliband less credible than Nessie! just 2 % say they completely trust labour leader ( but 24 % believe in the Loch Ness monster ),news
0528d7b2597af3fe8ce3a54c03b916101092e601,"The upside of feeling fat, flushed and facing 50 according to Sandra Tsing Loh",books
ab39ab950c97f0d9e78bc8ad97e022991fd96fd3,Showers with an elephant and lunch with leopards... Olympic Skeleton Champion Amy Williams on Safari in Botswana,travel
eb223e73ee4d4c479e0b1b370b64db02945dc4cc,'I promise to love you a latte!' bizarre new wedding trend sees coffee-addicted couples tying the knot in Starbucks,femail
813481c21a3dd76f1813c35d4d037c830ef934ac,"4,000 passengers a day flouting hand luggage liquid rules, causing queues and delays at airports",travel
3da8127b0d394505164e10e60313b3aeebb70775,Sunderland striker Connor Wickham insists there was no chance of him leaving the black cats for free after signing new deal,football
e29920b475e8a5e05452b2aafe8e8eafbaf23b34,Hat's off to Harry! bareheaded Prince helps readjust youngster's bobble beanie during surprise charity trip to Nottingham,femail
1545bb2a3d601c9b0be9b616093a1baebd9d392a,What crisis? south of Greece reinventing itself as 'Greek Riviera' to rival Monaco thanks to Luxe hotels loved by Queen Letizia and Cristiano Ronaldo ( and Beach Club parties hosted by Naomi Campbell ),travel
adf1a3d8b579657fadb600a391777da76a547702,Slaughter of the rhinos: four animals found dead with their horns hacked off by poachers,news
5b0a9306d11362a3eb8cc63418b80234235e81ed,Sergio Aguero has the best goalscoring record in Premier league history... he's even pipped Thierry Henry!,football
086f14384d490c4d2d1b29a248d54b83f320a549,Migraines link to refillable water bottles: 'gender-bending' chemical in packaging may trigger the attacks,health
7eed3c3ba66b9e45193126ca6e4ea6aa08913b34,No more cold showers! smart boiler knows when it's about to break down-and will call an engineer,sciencetech
7f4826798f5c43fb93216a5ea4c5da5ab0b11c31,"Not one for the mantelpiece! artist creates incredible life-like sculptures, including models of the queen, using chocolate",food
914dfaf71af6a8fcf69a9ec58dc08994c58a8a4c,Ikea reveals it will roll out vegan 'meatballs' across its Uk stores from April after animal rights campaign,food
b22b339d8b85db186678b5884d6654321bcbd966,Sony to take on cable firms ( and apple ) with live tv service for Playstation Consoles and ipads,sciencetech
9deeb8b3a02ffb15c261a405949e97304337d4be,Want to lose weight? eat all your food in an eight-hour time frame-and never snack at night,health
3f83fe783757b957b52d7bb4cd7438d0e74a3126,"A yoga holiday with a difference: fine food, inner calm and dabbling in The Da Vinci code at Yobaba Lounge in southern France",travel
ab01431b3f2461b3c7b61c1b86fe82c8eea562c5,'I' M fed up of being a nasty monster': my 600-lb life Star Amber loses more than 250 lbs with gastric bypass after being so obese she crushed her own wheelchair,femail
0b2c921e0aea97b28c674384d3ba62880057a02b,The woman who 'can leave her body at will': student sheds light on the strange brain activity involved in out-of-body experiences,sciencetech
666306a0aa8e6336f47a3d052450d5c1ea3899e6,Mathieu Debuchy could end up at Monaco as cashed-up Ligue 1 Club enters contest with Arsenal for France and Newcastle Ace,football
d6fbb948117b333a567569b918a28ba7257e4b90,The art of engineering: from the kaleidoscopic swirl of networks to a starfish made of foam-amazing images reveal the beauty of cutting edge research,sciencetech
99cf4d0c6a00db3a7b888d86e76c1672544b812f,Newlywed Lauren Conrad dazzles in new Christmas campaign for Kohl's,femail
ae5dce304290c1dbf38f507c0b2eab1b878271d3,Could freezing away your wrinkles be the new Botox? femail goes under the needles so you don't have to,femail
892ef1c25e1a3fb5287fed7c7446106013881314,Ashley Cole says he did not feature in arsenal invincible book due to fear of upsetting the fans,football
06768a488814da012c38e2b7c7ac13b44934cb7e,Ed Miliband's energy prices plan 'keeps bills high': families should have seen a £ 140 reduction but big six haven't passed on savings amid fear over freeze policy,news
42b8264394fdeeaf8c089dcde52c6af651163890,'Digital dementia' on the rise as young people increasingly rely on technology instead of their brain,health
cddc6b320bfe2c4fbbe8b751208b7fa56da41db3,More Nudists in Munich: German city gives nude sunbathing the green light and introduces six urban naked zones,travel
922e1c1b8c0c005553c810d68f333d87810d7dd3,"'Ershver Tooni Monhrr!' in other words, hey, can you give me a hand! the ice age 'superlanguage' Europeans spoke 15,000 years ago-and we can still understand today",sciencetech
d3d43f862b4e18b4065dd39630ef1d439a84dddc,"Sperm donations from men in their 40s are more likely to result in pregnancy, study finds",health
9aa8a75b87cf5fb229b73214951dbb4ba93ef350,"'Death is a way of life here, but football can bring peace': South Sudan's first ever national football team, trained by a Serbian, on playing in a country ravaged by war",femail
477abe92baa4882418031b9a991e4a31ff052686,Mrs Bublé leaves Ultimo in style: new mother Luisana Lopilato looks stunning in last lingerie shoot for brand,femail
670f9ce71f2e9dd32db7a36944036dd2c4f17802,Doing the truffle shuffle on the Regal Rhone: a voyage through south-West France on a search for tasty treats ( small dog required ),travel
e247c6b82abf9b50c14ff2ff55200e1ce2b1b3a5,Controversial acne drug Roaccutane to be reviewed by government panel after being blamed for spate of suicides and depression,health
30b46e3edce9386ef499e95bd71a02653189e4bc,"A life on an ocean wave ( in Hampshire ): why learning to sail in the Uk is an absolute breeze ( on a calm day, when the sun shines )",travel
ec1bc0a1f64cd56d6d2dec0089d1954bd9609f90,She's all heart! 'keen cyclist' Pippa Middleton beams as she launches London to Brighton Charity bike Ride,femail
d4c61d5b41c3a4e8f8169f343a61783c3417e73a,The island that 'grew back': Pacific Isle that disappeared after devastating typhoon reappears 100 years after its destruction,sciencetech
f8a8310d9ac5b4ce45772d46c82d28218f7d187e,"Tickets to ride: how to save money on ( those often horribly expensive ) airport train links to Heathrow, Gatwick and Stansted",travel
c2030bd3d06810132aced465df277a2f3441538f,Best check under the toilet seat! homeowners stunned after man-eating piranhas found inside blocked drains in Telford,news
461babd16c1bce7afeacb7a34116e419b819d97a,Oscars 2013: go big or go home! fashion trend for full-skirted princess ballgowns reigns supreme on the Oscars Red carpet,femail
6fb7ba47eb3d6d7a604b73c0ac0f0079f5be3b0d,"A home from Rome: hilltop towns, glorious ice cream and the best cheese ever: a week in Lazio, Rome's under-rated back garden",travel
5eec53ad101c35bab60ba8bf937ae7b6a81f5f5e,Bbc criticised for dropping film with 'severe ramifications' questioning the mass exodus of Jewish people after fall of Jerusalem in Ad70,news
004ec2230dc739e4a29f601792c0015418cd71b5,You' ve tried beetroot-now meet the 'Sweetroot'! Tesco launches long forgotten vegetable varieties to encourage kids to eat their greens ( and pinks and yellows ),food
08aa37db8f82ba22ab7adfe0c04ad9a11b7582f9,A star is airborne! dancing Virgin America flight attendant delights passengers with dramatic high-kicking safety routine,travel
a956530f0aafbe26631e2b10c410a7cd6453a1c1,Rory Mcilroy wins £ 20 bet with Darren Clarke during practice round at the open,golf
e1238147bde69342935d3ab718b95ab243e3cf49,Now that's a light snack! world's first glow in the dark ice cream is sampled by movie-goers... but would anyone really want to eat it?,food
bc08194f103b8bcbac6cd284b38d8a1421e40181,Gangnam style 'breaks' youtube: site to upgrade its view counter after popularity of song means views are no longer countable,sciencetech
751df320d862a2bc2e15e8002b6dac4d98656fff,Dereck Chisora to climb Ben Nevis before eagerly-awaited rematch against Tyson Fury,boxing
068ce562caa55e884aa8fec120fb3146ffad0146,Transgender avocado trees can change their sex overnight in a matter of hours,sciencetech
0c2ad0129eb00ae8854a9ed81ca26bd2be370022,Elspeth Mckendrick hanged herself as she was struggling to cope with Asperger's diagnosis,news
0ad523554f45c8150ce4d2cdfdc96566795e64af,Natalie Whitear suffers from face blindness and can't tell apart her own family,health
6b89d40b32510e7f762365a828d951e18668f0b0,Student Ella Parry dies after lethal dose of diet pill Dnp from internet,health
5c31a5ebc2d3742333f5039995bad38b9e827fce,"Stone Age man was a cannibal: flesh was cut and chewed off the dead in gruesome rituals, bones reveal",sciencetech
e6a990ebb670c02b4b3e3a60275d715ad2d305f1,Akira Isogawa models wearing face bling at Sydney Fashion Week,femail
26db22f94c0c8a82dd6d1c97bff6596c57160900,Robot Swarm surrounds car and works in unison to move it,sciencetech
5557ae963e317b3bbb1f8538d6d0ef39a1987198,Us brewery plans to make ten barrels of ale out of human urine from sewage plant,food
